{
  "project_info": {
    "project_number": "41600880939",
    "firebase_url": "https://locker-ca9d5.firebaseio.com",
    "project_id": "locker-ca9d5",
    "storage_bucket": "locker-ca9d5.appspot.com"
  },
  "client": [
    {
      "client_info": {
        "mobilesdk_app_id": "1:41600880939:android:eff6b5f150d5dde025356e",
        "android_client_info": {
          "package_name": "com.lockerapp.locker"
        }
      },
      "oauth_client": [
        {
          "client_id": "41600880939-2e9h116d47nu9ejrgra9818lo8egno9s.apps.googleusercontent.com",
          "client_type": 3
        }
      ],
      "api_key": [
        {
          "current_key": "AIzaSyBeQQGLVLNFvIrHc-QaDbpFkN7spZ6GT70"
        }
      ],
      "services": {
        "appinvite_service": {
          "other_platform_oauth_client": [
            {
              "client_id": "41600880939-2e9h116d47nu9ejrgra9818lo8egno9s.apps.googleusercontent.com",
              "client_type": 3
            }
          ]
        }
      }
    }
  ],
  "configuration_version": "1"
}